{"cameraMode":{"drawMode":0,"name":"Shaded","section":"Shading Mode"},"sceneLighting":true,"audioPlay":false,"sceneViewState":{"m_AlwaysRefresh":false,"showFog":true,"showSkybox":true,"showFlares":true,"showImageEffects":true,"showParticleSystems":true,"showVisualEffectGraphs":true,"m_FxEnabled":true},"in2DMode":false,"pivot":{"x":3.8756508827209474,"y":-3.9285850524902345,"z":-0.025353550910949708},"rotation":{"x":-0.24812553822994233,"y":-0.6344046592712402,"z":0.22606289386749268,"w":-0.6963221430778503},"size":7.749584197998047,"orthographic":false}